,CAGR,CAGR,CAGR,Annualized_Vol,Annualized_Vol,Annualized_Vol,Sharpe_like,Sharpe_like,Sharpe_like,Max_Drawdown,Max_Drawdown,Max_Drawdown,Calmar,Calmar,Calmar
,mean,std,count,mean,std,count,mean,std,count,mean,std,count,mean,std,count
Fund_Type,,,,,,,,,,,,,,,
Domestic,,,0,5.248079328777578,3.0003949029590706,9,2.733373249744328,0.37461992648812986,9,-0.7608212853714312,0.09993825802328916,9,,,0
Overseas,,,0,4.531245002996061,0.9884298718084571,3,2.5406245807039465,0.13627082090841758,3,-0.7634988742941248,0.0734131410608135,3,,,0
