Fund,Observations,CAGR,Annualized_Vol,Sharpe_like,Sortino,Max_Drawdown,Calmar,Risk_Level,Fund_Type
ABSL Multi Asset Omni FoF Dir Plan Gr,2454,,4.416764804953212,2.8603379856879516,2.8750547045953727,-0.7406838715752797,,High,Domestic
Axis Gold Fund Reg Gr,2454,,4.2840763150465975,2.76997208294682,3.0009496209074715,-0.7848420322998196,,High,Domestic
Bandhan Asset Allocation Fund Mod Reg Gr,2454,,3.1524096264936827,2.0038253282735377,1.8084987064311342,-0.5912736931063625,,High,Domestic
DSP World Gold Mining Overseas Equity Omni FoF Dir Plan Gr,2454,,5.668816213115468,2.6091668833063024,4.905818894425396,-0.8473187537157497,,High,Overseas
Edelweiss Europe Dynamic Equity Offshore Fund Gr Dir,2454,,3.8821947238020704,2.383690471683132,2.72221178436873,-0.7106271764796559,,High,Overseas
Franklin India Dynamic Asset Allocation Active FOF Dir Gr,2454,,4.350460326526224,2.6255336557859463,2.8422625524646152,-0.6826823305033125,,High,Domestic
HDFC Gold ETF FoF Dir,2454,,4.343433780603626,2.8355620854322905,3.0269651438697696,-0.7898529934650139,,High,Domestic
HSBC Multi Asset Active FOF Gr Dir,2454,,4.2196525793993445,2.682846581825629,2.772658780822453,-0.7223472162168104,,High,Domestic
ICICI Pru Bharat 22 FOF Dir Cum,2454,,7.433425796217979,3.2003545926764994,5.572034483125166,-0.8154195459032576,,High,
ICICI Pru Passive Strategy Fund FOF Dir Gr,2454,,13.145925776153911,2.5707059984640845,7.07385367104963,-0.9617569899412186,,High,Domestic
Kotak Multi Asset Omni FOF Dir Gr Dir,2454,,5.018680780768973,3.4528636030261732,3.3808443515553264,-0.7873201589254322,,High,Domestic
Motilal Oswal Nasdaq 100 FOF Dir Gr,2454,,6.26826126684182,3.1733836163892875,4.776080093899778,-0.8290112241869223,,High,
Nippon India Gold Savings Dir Gr,2454,,4.301309969052637,2.7987119262565225,2.9868188325226415,-0.7866322823096318,,High,Domestic
Sundaram Global Brand Theme Equity Active FOF Dir Gr,2454,,4.042724072070644,2.6290163871224053,2.8403856987046066,-0.7325506926869684,,High,Overseas
