Fund,Mean_Rolling_Sharpe,Std_Rolling_Sharpe,Stability_Ratio,Stability_Score_0_10,Stability_Label
DSP World Gold Mining Overseas Equity Omni FoF Dir Plan Gr,2.5275626404374014,0.7368022725899405,3.430449028818468,10.0,Stable
ICICI Pru Bharat 22 FOF Dir Cum,3.0754988142292823,1.094014343767375,2.8112052019705867,9.29,Stable
Motilal Oswal Nasdaq 100 FOF Dir Gr,3.096305812025994,1.1799352028480155,2.6241320748397245,8.57,Stable
ICICI Pru Passive Strategy Fund FOF Dir Gr,2.5171300947888184,1.0150466845188992,2.4798170696768103,7.86,Stable
Franklin India Dynamic Asset Allocation Active FOF Dir Gr,2.4170835713307945,1.1127664594677107,2.1721391319495744,7.14,Moderately Stable
Bandhan Asset Allocation Fund Mod Reg Gr,1.8272623079523898,0.8437186035656331,2.1657248047277964,6.43,Moderately Stable
Edelweiss Europe Dynamic Equity Offshore Fund Gr Dir,2.190456989038715,1.0182189952187273,2.151263136245239,5.71,Moderately Stable
Sundaram Global Brand Theme Equity Active FOF Dir Gr,2.4098547515309408,1.1438114307392033,2.1068636724267917,5.0,Moderately Stable
HSBC Multi Asset Active FOF Gr Dir,2.4571171247967936,1.1733219230070395,2.094154278221947,4.29,Moderately Stable
ABSL Multi Asset Omni FoF Dir Plan Gr,2.6161389421248993,1.275104342857707,2.0517057735539708,3.57,Unstable
Axis Gold Fund Reg Gr,2.4947442007702256,1.2620067486448485,1.976807337559089,2.86,Unstable
Nippon India Gold Savings Dir Gr,2.528277777983805,1.285147521809066,1.9673054922323778,2.14,Unstable
HDFC Gold ETF FoF Dir,2.5615334589400347,1.3044223328835212,1.9637301465680808,1.43,Unstable
Kotak Multi Asset Omni FOF Dir Gr Dir,3.123274724091204,1.6563576358108176,1.885628234244414,0.71,Unstable
